entity_b_id,generic_name,canonical_name,aliases,drug_class,flags,metabolic_pathways,transporter_substrates,therapeutic_index_tier,narrow_therapeutic_index,route,dosage_form,rxcui,pubchem_cid,label_source,curation_status
sys_med_0001,Atenolol,Atenolol,atenolol|tenormin,beta_blocker_systemic,antihypertensive|beta1_selective_blocker|beta_blocker_systemic,,,medium,False,systemic,unspecified_systemic,1202,,DrugBank DB00335,source_partial
sys_med_0002,Metoprolol,Metoprolol,metoprolol tartrate|metoprolol succinate,beta_blocker_systemic,antihypertensive|beta1_selective_blocker|beta_blocker_systemic|cyp2d6_substrate,CYP2D6,,medium,False,systemic,unspecified_systemic,6918,,DrugBank DB00264,source_partial
sys_med_0003,Propranolol,Propranolol,propranolol hydrochloride,beta_blocker_systemic,antihypertensive|beta_blocker_systemic|cyp1a2_substrate|cyp2d6_substrate|non_selective_beta_blocker,CYP1A2|CYP2D6,,medium,False,systemic,unspecified_systemic,8787,,DrugBank DB00571,source_partial
sys_med_0004,Bisoprolol,Bisoprolol,bisoprolol fumarate,beta_blocker_systemic,antihypertensive|beta1_selective_blocker|beta_blocker_systemic|cyp3a4_substrate,CYP3A4,,medium,False,systemic,unspecified_systemic,19484,,DrugBank DB00612,source_partial
sys_med_0005,Carvedilol,Carvedilol,carvedilol,beta_blocker_systemic,antihypertensive|beta_blocker_systemic|cyp2c9_substrate|cyp2d6_substrate|non_selective_beta_blocker_alpha1_blocker,CYP2D6|CYP2C9,,medium,False,systemic,unspecified_systemic,20352,,DrugBank DB01136,source_partial
sys_med_0006,Nebivolol,Nebivolol,nebivolol hydrochloride,beta_blocker_systemic,antihypertensive|beta1_selective_blocker|beta_blocker_systemic|cyp2d6_substrate,CYP2D6,,medium,False,systemic,unspecified_systemic,31555,,DrugBank DB04861,source_partial
sys_med_0007,Sotalol,Sotalol,sotalol hydrochloride,beta_blocker_systemic,antihypertensive|beta_blocker_systemic|non_selective_beta_blocker_class_iii_antiarrhythmic|qt_prolonging,,,medium,False,systemic,unspecified_systemic,9947,,DrugBank DB00489,source_partial
sys_med_0008,Labetalol,Labetalol,labetalol hydrochloride,beta_blocker_systemic,antihypertensive|beta_blocker_systemic|non_selective_beta_blocker_alpha1_blocker,,,medium,False,systemic,unspecified_systemic,6185,,DrugBank DB00598,source_partial
sys_med_0009,Amlodipine,Amlodipine,amlodipine besylate,ccb_dihydropyridine,cyp3a4_substrate|l_type_calcium_channel_blocker,CYP3A4,,low,False,systemic,unspecified_systemic,17767,,DrugBank DB00381,source_partial
sys_med_0010,Nifedipine,Nifedipine,nifedipine,ccb_dihydropyridine,cyp3a4_substrate|l_type_calcium_channel_blocker,CYP3A4,,low,False,systemic,unspecified_systemic,7417,,DrugBank DB01115,source_partial
sys_med_0011,Felodipine,Felodipine,felodipine,ccb_dihydropyridine,cyp3a4_substrate|l_type_calcium_channel_blocker,CYP3A4,,low,False,systemic,unspecified_systemic,4316,,DrugBank DB01023,source_partial
sys_med_0012,Diltiazem,Diltiazem,diltiazem hydrochloride,ccb_non_dihydropyridine,cyp3a4_inhibitor|l_type_calcium_channel_blocker|p_gp_inhibitor,CYP3A4,P-glycoprotein,medium,False,systemic,unspecified_systemic,3443,,DrugBank DB00343,source_partial
sys_med_0013,Verapamil,Verapamil,verapamil hydrochloride,ccb_non_dihydropyridine,cyp3a4_inhibitor|cyp3a4_substrate|l_type_calcium_channel_blocker|p_gp_inhibitor,CYP3A4,P-glycoprotein,medium,False,systemic,unspecified_systemic,11170,,DrugBank DB00661,source_partial
sys_med_0014,Lisinopril,Lisinopril,lisinopril,ace_inhibitor,ace_inhibitor|antihypertensive,,,low,False,systemic,unspecified_systemic,29046,,DrugBank DB00722,source_partial
sys_med_0015,Enalapril,Enalapril,enalapril maleate,ace_inhibitor,ace_inhibitor|antihypertensive|prodrug,,,low,False,systemic,unspecified_systemic,3827,,DrugBank DB00584,source_partial
sys_med_0016,Ramipril,Ramipril,ramipril,ace_inhibitor,ace_inhibitor|antihypertensive|prodrug,,,low,False,systemic,unspecified_systemic,35296,,DrugBank DB00178,source_partial
sys_med_0017,Captopril,Captopril,captopril,ace_inhibitor,ace_inhibitor|antihypertensive,,,low,False,systemic,unspecified_systemic,1998,,DrugBank DB01197,source_partial
sys_med_0018,Losartan,Losartan,losartan potassium,arb,angiotensin_ii_receptor_antagonist|antihypertensive|cyp2c9_substrate|prodrug,CYP2C9,,low,False,systemic,unspecified_systemic,52175,,DrugBank DB00678,source_partial
sys_med_0019,Valsartan,Valsartan,valsartan,arb,angiotensin_ii_receptor_antagonist|antihypertensive,,,low,False,systemic,unspecified_systemic,69749,,DrugBank DB00177,source_partial
sys_med_0020,Irbesartan,Irbesartan,irbesartan,arb,angiotensin_ii_receptor_antagonist|antihypertensive|cyp2c9_substrate,CYP2C9,,low,False,systemic,unspecified_systemic,83818,,DrugBank DB01029,source_partial
sys_med_0021,Candesartan,Candesartan,candesartan cilexetil,arb,angiotensin_ii_receptor_antagonist|antihypertensive|prodrug,,,low,False,systemic,unspecified_systemic,214354,,DrugBank DB00796,source_partial
sys_med_0022,Hydrochlorothiazide,Hydrochlorothiazide,HCTZ|HCT,thiazide_diuretic,ncc_inhibitor|diuretic,,,medium,False,systemic,unspecified_systemic,5487,,DrugBank DB00999,source_partial
sys_med_0023,Furosemide,Furosemide,furosemide,loop_diuretic,nkcc2_inhibitor|diuretic,,,medium,False,systemic,unspecified_systemic,4603,,DrugBank DB00695,source_partial
sys_med_0024,Spironolactone,Spironolactone,spironolactone,potassium_sparing_diuretic,cyp3a4_substrate|mineralocorticoid_receptor_antagonist|diuretic,CYP3A4,,medium,False,systemic,unspecified_systemic,9997,,DrugBank DB00421,source_partial
sys_med_0025,Bumetanide,Bumetanide,bumetanide,loop_diuretic,nkcc2_inhibitor|diuretic,,,medium,False,systemic,unspecified_systemic,1808,,DrugBank DB00887,source_partial
sys_med_0026,Eplerenone,Eplerenone,eplerenone,potassium_sparing_diuretic,cyp3a4_substrate|mineralocorticoid_receptor_antagonist|diuretic,CYP3A4,,medium,False,systemic,unspecified_systemic,298869,,DrugBank DB00700,source_partial
sys_med_0027,Warfarin,Warfarin,warfarin sodium,anticoagulant_vitamin_k_antagonist,anticoagulant|cyp2c9_substrate|narrow_therapeutic_index|vitamin_k_epoxide_reductase_inhibitor,CYP2C9,,high,True,systemic,unspecified_systemic,11289,,DrugBank DB00682,source_partial
sys_med_0028,Apixaban,Apixaban,apixaban,anticoagulant_direct_xa_inhibitor,anticoagulant|cyp3a4_substrate|factor_xa_inhibitor|p_gp_substrate,CYP3A4,P-glycoprotein,low,False,systemic,unspecified_systemic,1364430,,DrugBank DB06605,source_partial
sys_med_0029,Rivaroxaban,Rivaroxaban,rivaroxaban,anticoagulant_direct_xa_inhibitor,anticoagulant|cyp3a4_substrate|factor_xa_inhibitor|p_gp_substrate,CYP3A4,P-glycoprotein,low,False,systemic,unspecified_systemic,1114195,,DrugBank DB06228,source_partial
sys_med_0030,Dabigatran,Dabigatran,dabigatran etexilate,anticoagulant_direct_thrombin_inhibitor,anticoagulant|p_gp_substrate|thrombin_inhibitor,,P-glycoprotein,low,False,systemic,unspecified_systemic,1546356,,DrugBank DB06695,source_partial
sys_med_0031,Aspirin,Aspirin,acetylsalicylic acid|ASA,antiplatelet,antiplatelet|cox1_inhibitor_irreversible,,,low,False,systemic,unspecified_systemic,1191,,DrugBank DB00945,source_partial
sys_med_0032,Clopidogrel,Clopidogrel,clopidogrel bisulfate,antiplatelet,antiplatelet|cyp2c19_substrate|p2y12_inhibitor_prodrug,CYP2C19,,low,False,systemic,unspecified_systemic,32968,,DrugBank DB00758,source_partial
sys_med_0033,Ticagrelor,Ticagrelor,ticagrelor,antiplatelet,antiplatelet|cyp3a4_substrate|p2y12_inhibitor,CYP3A4,,low,False,systemic,unspecified_systemic,1116632,,DrugBank DB08816,source_partial
sys_med_0034,Metformin,Metformin,metformin hydrochloride,antidiabetic_biguanide,ampk_activator,,,low,False,systemic,unspecified_systemic,6809,,DrugBank DB00331,source_partial
sys_med_0035,Gliclazide,Gliclazide,gliclazide,antidiabetic_sulfonylurea,atp_sensitive_k_channel_blocker|cyp2c9_substrate,CYP2C9,,medium,False,systemic,unspecified_systemic,4816,,DrugBank DB01120,source_partial
sys_med_0036,Glimepiride,Glimepiride,glimepiride,antidiabetic_sulfonylurea,atp_sensitive_k_channel_blocker|cyp2c9_substrate,CYP2C9,,medium,False,systemic,unspecified_systemic,25789,,DrugBank DB00222,source_partial
sys_med_0037,Sitagliptin,Sitagliptin,sitagliptin phosphate,antidiabetic_dpp4_inhibitor,dpp4_inhibitor,,,low,False,systemic,unspecified_systemic,593411,,DrugBank DB01261,source_partial
sys_med_0038,Empagliflozin,Empagliflozin,empagliflozin,antidiabetic_sglt2_inhibitor,sglt2_inhibitor,,,low,False,systemic,unspecified_systemic,1545653,,DrugBank DB09038,source_partial
sys_med_0039,Dapagliflozin,Dapagliflozin,dapagliflozin propanediol,antidiabetic_sglt2_inhibitor,sglt2_inhibitor,,,low,False,systemic,unspecified_systemic,1488564,,DrugBank DB06292,source_partial
sys_med_0040,Semaglutide,Semaglutide,semaglutide,antidiabetic_glp1_ra,glp1_receptor_agonist,,,low,False,systemic,unspecified_systemic,1991302,,DrugBank DB13928,source_partial
sys_med_0041,Atorvastatin,Atorvastatin,atorvastatin calcium,statin,cyp3a4_substrate|hmg_coa_reductase_inhibitor,CYP3A4,,low,False,systemic,unspecified_systemic,83367,,DrugBank DB01076,source_partial
sys_med_0042,Rosuvastatin,Rosuvastatin,rosuvastatin calcium,statin,hmg_coa_reductase_inhibitor,,,low,False,systemic,unspecified_systemic,301542,,DrugBank DB01098,source_partial
sys_med_0043,Simvastatin,Simvastatin,simvastatin,statin,cyp3a4_substrate|hmg_coa_reductase_inhibitor_prodrug,CYP3A4,,low,False,systemic,unspecified_systemic,36567,,DrugBank DB00641,source_partial
sys_med_0044,Amiodarone,Amiodarone,amiodarone hydrochloride,antiarrhythmic_class_iii,cyp2c9_inhibitor|cyp2d6_inhibitor|cyp3a4_inhibitor|k_channel_blocker|qt_prolonging,CYP3A4|CYP2C9|CYP2D6,,high,False,systemic,unspecified_systemic,703,,DrugBank DB01118,source_partial
sys_med_0045,Digoxin,Digoxin,digoxin,cardiac_glycoside,na_k_atpase_inhibitor|narrow_therapeutic_index|p_gp_substrate,,P-glycoprotein,high,True,systemic,unspecified_systemic,3407,,DrugBank DB00390,source_partial
sys_med_0046,Fluoxetine,Fluoxetine,fluoxetine hydrochloride,antidepressant_ssri,cyp2c9_inhibitor|cyp2d6_inhibitor|sert_inhibitor,CYP2D6|CYP2C9,,low,False,systemic,unspecified_systemic,4493,,DrugBank DB00472,source_partial
sys_med_0047,Sertraline,Sertraline,sertraline hydrochloride,antidepressant_ssri,sert_inhibitor,,,low,False,systemic,unspecified_systemic,36437,,DrugBank DB01104,source_partial
sys_med_0048,Citalopram,Citalopram,citalopram hydrobromide,antidepressant_ssri,cyp2c19_substrate|cyp3a4_substrate|sert_inhibitor,CYP2C19|CYP3A4,,low,False,systemic,unspecified_systemic,2556,,DrugBank DB00215,source_partial
sys_med_0049,Carbamazepine,Carbamazepine,carbamazepine,antiepileptic,cyp1a2_inducer|cyp2c9_inducer|cyp3a4_inducer|na_channel_blocker,CYP3A4|CYP2C9|CYP1A2,,medium,False,systemic,unspecified_systemic,2002,,DrugBank DB00564,source_partial
sys_med_0050,Valproic acid,Valproic acid,valproate|sodium valproate,antiepileptic,cyp2c19_inhibitor|cyp2c9_inhibitor|gaba_ergic,CYP2C9|CYP2C19,,medium,False,systemic,unspecified_systemic,11118,,DrugBank DB00313,source_partial
sys_med_0051,Phenytoin,Phenytoin,phenytoin sodium,antiepileptic,cyp2c9_inducer|cyp2c9_substrate|cyp3a4_inducer|na_channel_blocker|narrow_therapeutic_index,CYP2C9|CYP3A4,,high,True,systemic,unspecified_systemic,8183,,DrugBank DB00252,source_partial
sys_med_0052,Ibuprofen,Ibuprofen,ibuprofen,nsaid_systemic,cox1_cox2_inhibitor,,,low,False,systemic,unspecified_systemic,5640,,DrugBank DB01050,source_partial
sys_med_0053,Naproxen,Naproxen,naproxen sodium,nsaid_systemic,cox1_cox2_inhibitor|cyp1a2_substrate|cyp2c9_substrate,CYP1A2|CYP2C9,,low,False,systemic,unspecified_systemic,7258,,DrugBank DB00788,source_partial
sys_med_0054,Celecoxib,Celecoxib,celecoxib,nsaid_systemic,cox2_inhibitor|cyp2c9_substrate,CYP2C9,,low,False,systemic,unspecified_systemic,140587,,DrugBank DB00482,source_partial
sys_med_0055,Prednisone,Prednisone,prednisone systemic,corticosteroid_systemic,corticosteroid_systemic|cyp3a4_substrate|glucocorticoid_receptor_agonist,CYP3A4,,low,False,systemic,unspecified_systemic,8640,,DrugBank DB00635,source_partial
sys_med_0056,Methylprednisolone,Methylprednisolone,methylprednisolone systemic,corticosteroid_systemic,corticosteroid_systemic|cyp3a4_substrate|glucocorticoid_receptor_agonist,CYP3A4,,low,False,systemic,unspecified_systemic,6902,,DrugBank DB00959,source_partial
sys_med_0057,Dexamethasone systemic,Dexamethasone systemic,dexamethasone systemic,corticosteroid_systemic,corticosteroid_systemic|cyp3a4_inducer|cyp3a4_substrate|glucocorticoid_receptor_agonist,CYP3A4,,low,False,systemic,unspecified_systemic,,,DrugBank DB01234,source_partial
sys_med_0058,Methotrexate,Methotrexate,methotrexate,immunosuppressant_systemic,dhfr_inhibitor|narrow_therapeutic_index,,,high,True,systemic,unspecified_systemic,6851,,DrugBank DB00563,source_partial
sys_med_0059,Cyclosporine systemic,Cyclosporine systemic,cyclosporine A systemic,immunosuppressant_systemic,calcineurin_inhibitor|cyp3a4_substrate|p_gp_substrate,CYP3A4,P-glycoprotein,medium,False,systemic,unspecified_systemic,,,DrugBank DB00091,source_partial
sys_med_0060,Tacrolimus systemic,Tacrolimus systemic,tacrolimus systemic,immunosuppressant_systemic,calcineurin_inhibitor|cyp3a4_substrate|p_gp_substrate,CYP3A4,P-glycoprotein,medium,False,systemic,unspecified_systemic,,,DrugBank DB00800,source_partial
sys_med_0061,Clarithromycin,Clarithromycin,clarithromycin,antibiotic_macrolide_systemic,50S_inhibitor|cyp3a4_inhibitor|p_gp_inhibitor,CYP3A4,P-glycoprotein,low,False,systemic,unspecified_systemic,21212,,DrugBank DB01211,source_partial
sys_med_0062,Rifampicin,Rifampicin,rifampin|rifampicin,antibiotic_ansamycin,cyp3a4_inducer|p_gp_inducer|rna_polymerase_inhibitor,CYP3A4,P-glycoprotein,low,False,systemic,unspecified_systemic,9384,,DrugBank DB01045,source_partial
sys_med_0063,Fluconazole systemic,Fluconazole systemic,fluconazole systemic,antifungal_azole_systemic,cyp2c19_inhibitor|cyp2c9_inhibitor|cyp51_inhibitor,CYP2C9|CYP2C19,,low,False,systemic,unspecified_systemic,,,DrugBank DB00196,source_partial
sys_med_0064,Itraconazole,Itraconazole,itraconazole,antifungal_azole_systemic,cyp3a4_inhibitor|cyp51_inhibitor|p_gp_inhibitor,CYP3A4,P-glycoprotein,low,False,systemic,unspecified_systemic,28031,,DrugBank DB01167,source_partial
sys_med_0065,Omeprazole,Omeprazole,omeprazole,proton_pump_inhibitor,cyp2c19_inhibitor|cyp3a4_substrate|h_k_atpase_inhibitor,CYP2C19|CYP3A4,,low,False,systemic,unspecified_systemic,7646,,DrugBank DB00338,source_partial
sys_med_0066,Levothyroxine,Levothyroxine,levothyroxine sodium|T4,thyroid_hormone,thyroid_hormone_receptor_agonist,,,medium,False,systemic,unspecified_systemic,10582,,DrugBank DB00451,source_partial
sys_med_0067,Salbutamol,Salbutamol,albuterol|salbutamol,respiratory_beta2_agonist,beta2_adrenergic_agonist,,,low,False,systemic,unspecified_systemic,435,,DrugBank DB01001,source_partial
sys_med_0068,Fluticasone,Fluticasone,fluticasone propionate,respiratory_corticosteroid,corticosteroid_systemic|cyp3a4_substrate|glucocorticoid_receptor_agonist,CYP3A4,,low,False,systemic,unspecified_systemic,41126,,DrugBank DB00588,source_partial
sys_med_0069,Diphenhydramine,Diphenhydramine,diphenhydramine hydrochloride,antihistamine_systemic,cyp2d6_substrate|h1_receptor_antagonist|anticholinergic_systemic,CYP2D6,,low,False,systemic,unspecified_systemic,3498,,DrugBank DB01075,source_partial
sys_med_0070,Fentanyl,Fentanyl,fentanyl,opioid,cns_depressant|cyp3a4_substrate|mu_opioid_receptor_agonist,CYP3A4,,medium,False,systemic,unspecified_systemic,4337,,DrugBank DB00813,source_partial
sys_med_0071,Morphine,Morphine,morphine sulfate,opioid,cns_depressant|mu_opioid_receptor_agonist|ugt2b7_substrate,,,medium,False,systemic,unspecified_systemic,7052,,DrugBank DB00295,source_partial
sys_med_0072,Oxycodone,Oxycodone,oxycodone hydrochloride,opioid,cns_depressant|cyp2d6_substrate|cyp3a4_substrate|mu_opioid_receptor_agonist,CYP2D6|CYP3A4,,medium,False,systemic,unspecified_systemic,7804,,DrugBank DB00497,source_partial
sys_med_0073,Colchicine,Colchicine,colchicine,anti_gout,cyp3a4_substrate|p_gp_substrate|tubulin_inhibitor,CYP3A4,P-glycoprotein,high,False,systemic,unspecified_systemic,2683,,DrugBank DB01394,source_partial
sys_med_0074,Allopurinol,Allopurinol,allopurinol,anti_gout,xanthine_oxidase_inhibitor,,,low,False,systemic,unspecified_systemic,519,,DrugBank DB00437,source_partial
sys_med_0075,Lithium,Lithium,lithium carbonate,mood_stabilizer,inositol_monophosphatase_inhibitor|narrow_therapeutic_index,,,high,True,systemic,unspecified_systemic,6448,,DrugBank DB01356,source_partial
sys_med_0076,Metronidazole,Metronidazole,metronidazole,antibiotic_nitroimidazole,dna_damaging,,,low,False,systemic,unspecified_systemic,6922,,DrugBank DB00916,source_partial
sys_med_0077,Vancomycin,Vancomycin,vancomycin hydrochloride,antibiotic_glycopeptide,cell_wall_synthesis_inhibitor|narrow_therapeutic_index,,,high,True,systemic,unspecified_systemic,11124,,DrugBank DB00512,source_partial
sys_med_0078,Doxycycline,Doxycycline,doxycycline hyclate,antibiotic_tetracycline,30S_inhibitor,,,low,False,systemic,unspecified_systemic,3640,,DrugBank DB00254,source_partial
sys_med_0079,Sildenafil,Sildenafil,sildenafil citrate,pde5_inhibitor,cyp3a4_substrate|pde5_inhibitor,CYP3A4,,low,False,systemic,unspecified_systemic,136411,,DrugBank DB00203,source_partial
sys_med_0080,Acetaminophen,Acetaminophen,paracetamol|APAP,analgesic_antipyretic,cox_inhibitor_central|cyp1a2_substrate|cyp2e1_substrate|cyp3a4_substrate,CYP1A2|CYP2E1|CYP3A4,,medium,False,systemic,unspecified_systemic,161,,DrugBank DB00316,source_partial
sys_med_0081,Levetiracetam,Levetiracetam,levetiracetam,antiepileptic,sv2a_modulator,,,low,False,systemic,unspecified_systemic,114477,,DrugBank DB01202,source_partial
sys_med_0082,Lamotrigine,Lamotrigine,lamotrigine,antiepileptic,na_channel_blocker,,,low,False,systemic,unspecified_systemic,28439,,DrugBank DB00555,source_partial
sys_med_0083,Olanzapine,Olanzapine,olanzapine,antipsychotic_atypical,cyp1a2_substrate|d2_5ht2a_antagonist|anticholinergic_systemic,CYP1A2,,low,False,systemic,unspecified_systemic,61381,,DrugBank DB00334,source_partial
sys_med_0084,Risperidone,Risperidone,risperidone,antipsychotic_atypical,cyp2d6_substrate|d2_5ht2a_antagonist,CYP2D6,,low,False,systemic,unspecified_systemic,35636,,DrugBank DB00734,source_partial
sys_med_0085,Quetiapine,Quetiapine,quetiapine fumarate,antipsychotic_atypical,cyp3a4_substrate|d2_5ht2a_antagonist,CYP3A4,,low,False,systemic,unspecified_systemic,51272,,DrugBank DB01224,source_partial
sys_med_0086,Aripiprazole,Aripiprazole,aripiprazole,antipsychotic_atypical,cyp2d6_substrate|cyp3a4_substrate|d2_partial_agonist,CYP2D6|CYP3A4,,low,False,systemic,unspecified_systemic,89013,,DrugBank DB01238,source_partial
sys_med_0087,Loratadine,Loratadine,loratadine,antihistamine_systemic,cyp3a4_substrate|h1_receptor_antagonist|anticholinergic_systemic,CYP3A4,,low,False,systemic,unspecified_systemic,28889,,DrugBank DB00455,source_partial
sys_med_0088,Cetirizine,Cetirizine,cetirizine hydrochloride,antihistamine_systemic,h1_receptor_antagonist|anticholinergic_systemic,,,low,False,systemic,unspecified_systemic,20610,,DrugBank DB00341,source_partial
sys_med_0089,Midazolam,Midazolam,midazolam hydrochloride,benzodiazepine,cns_depressant|cyp3a4_substrate|gaba_a_positive_allosteric_modulator,CYP3A4,,low,False,systemic,unspecified_systemic,6960,,DrugBank DB00683,source_partial
sys_med_0090,Diazepam,Diazepam,diazepam,benzodiazepine,cns_depressant|cyp2c19_substrate|cyp3a4_substrate|gaba_a_positive_allosteric_modulator,CYP2C19|CYP3A4,,low,False,systemic,unspecified_systemic,3322,,DrugBank DB00829,source_partial
sys_med_0091,Clonazepam,Clonazepam,clonazepam,benzodiazepine,cns_depressant|cyp3a4_substrate|gaba_a_positive_allosteric_modulator,CYP3A4,,low,False,systemic,unspecified_systemic,2598,,DrugBank DB01068,source_partial
sys_med_0092,Pregabalin,Pregabalin,pregabalin,antiepileptic,calcium_channel_alpha2delta_ligand,,,low,False,systemic,unspecified_systemic,187832,,DrugBank DB00230,source_partial
sys_med_0093,Amitriptyline,Amitriptyline,amitriptyline hydrochloride,antidepressant_tca,cyp2d6_substrate|sert_net_inhibitor|anticholinergic_systemic,CYP2D6,,medium,False,systemic,unspecified_systemic,704,,DrugBank DB00321,source_partial
sys_med_0094,Venlafaxine,Venlafaxine,venlafaxine hydrochloride,antidepressant_snri,cyp2d6_substrate|sert_net_inhibitor,CYP2D6,,low,False,systemic,unspecified_systemic,39786,,DrugBank DB00285,source_partial
sys_med_0095,Duloxetine,Duloxetine,duloxetine hydrochloride,antidepressant_snri,cyp1a2_substrate|cyp2d6_substrate|sert_net_inhibitor,CYP1A2|CYP2D6,,low,False,systemic,unspecified_systemic,72625,,DrugBank DB00476,source_partial
sys_med_0096,Pioglitazone,Pioglitazone,pioglitazone hydrochloride,antidiabetic_tzd,cyp2c8_substrate|ppar_gamma_agonist,CYP2C8,,low,False,systemic,unspecified_systemic,33738,,DrugBank DB01132,source_partial
sys_med_0097,Linagliptin,Linagliptin,linagliptin,antidiabetic_dpp4_inhibitor,dpp4_inhibitor,,,low,False,systemic,unspecified_systemic,1100699,,DrugBank DB09044,source_partial
sys_med_0098,Canagliflozin,Canagliflozin,canagliflozin,antidiabetic_sglt2_inhibitor,sglt2_inhibitor,,,low,False,systemic,unspecified_systemic,1373458,,DrugBank DB08907,source_partial
sys_med_0099,Liraglutide,Liraglutide,liraglutide,antidiabetic_glp1_ra,glp1_receptor_agonist,,,low,False,systemic,unspecified_systemic,475968,,DrugBank DB01290,source_partial
sys_med_0100,Pravastatin,Pravastatin,pravastatin sodium,statin,hmg_coa_reductase_inhibitor,,,low,False,systemic,unspecified_systemic,42463,,DrugBank DB00175,source_partial
sys_med_0101,Pitavastatin,Pitavastatin,pitavastatin calcium,statin,cyp2c9_substrate|hmg_coa_reductase_inhibitor,CYP2C9,,low,False,systemic,unspecified_systemic,861634,,DrugBank DB08876,source_partial
sys_med_0102,Doxazosin,Doxazosin,doxazosin mesylate,alpha_blocker,alpha1_adrenergic_antagonist|cyp3a4_substrate,CYP3A4,,low,False,systemic,unspecified_systemic,49276,,DrugBank DB00590,source_partial
sys_med_0103,Tamsulosin,Tamsulosin,tamsulosin hydrochloride,alpha_blocker,alpha1a_adrenergic_antagonist|cyp2d6_substrate|cyp3a4_substrate,CYP2D6|CYP3A4,,low,False,systemic,unspecified_systemic,77492,,DrugBank DB00706,source_partial
sys_med_0104,Dronedarone,Dronedarone,dronedarone,antiarrhythmic_class_iii,cyp2d6_inhibitor|cyp3a4_inhibitor|multichannel_blocker,CYP3A4|CYP2D6,,medium,False,systemic,unspecified_systemic,233698,,DrugBank DB11618,source_partial
sys_med_0105,Lidocaine IV,Lidocaine IV,lidocaine intravenous,antiarrhythmic_class_ib,cyp1a2_substrate|na_channel_blocker,CYP1A2,,medium,False,systemic,unspecified_systemic,,,DrugBank DB00281,source_partial
sys_med_0106,Flecainide,Flecainide,flecainide acetate,antiarrhythmic_class_ic,cyp2d6_substrate|na_channel_blocker,CYP2D6,,medium,False,systemic,unspecified_systemic,4441,,DrugBank DB01195,source_partial
sys_med_0107,Propafenone,Propafenone,propafenone hydrochloride,antiarrhythmic_class_ic,cyp2d6_substrate|na_channel_blocker_beta_blocker,CYP2D6,,medium,False,systemic,unspecified_systemic,8754,,DrugBank DB01182,source_partial
sys_med_0108,Tranexamic acid,Tranexamic acid,tranexamic acid,hemostatic,plasmin_inhibitor,,,low,False,systemic,unspecified_systemic,10691,,DrugBank DB00302,source_partial
sys_med_0109,Alendronic acid,Alendronic acid,alendronate sodium,bisphosphonate,farnesyl_pyrophosphate_synthase_inhibitor,,,low,False,systemic,unspecified_systemic,236083,,DrugBank DB00630,source_partial
sys_med_0110,Baclofen,Baclofen,baclofen,muscle_relaxant,gaba_b_receptor_agonist,,,low,False,systemic,unspecified_systemic,1292,,DrugBank DB00181,source_partial
sys_med_0111,Zolpidem,Zolpidem,zolpidem tartrate,non_benzodiazepine_hypnotic,cns_depressant|cyp3a4_substrate|gaba_a_positive_allosteric_modulator,CYP3A4,,low,False,systemic,unspecified_systemic,39993,,DrugBank DB00425,source_partial
sys_med_0112,Methylphenidate,Methylphenidate,methylphenidate hydrochloride,cns_stimulant,dat_net_inhibitor,,,low,False,systemic,unspecified_systemic,6901,,DrugBank DB00422,source_partial
sys_med_0113,Ondansetron,Ondansetron,ondansetron hydrochloride,antiemetic,5ht3_receptor_antagonist|cyp1a2_substrate|cyp2d6_substrate|cyp3a4_substrate|qt_prolonging,CYP1A2|CYP3A4|CYP2D6,,low,False,systemic,unspecified_systemic,26225,,DrugBank DB00904,source_partial
sys_med_0114,Acyclovir systemic,Acyclovir systemic,acyclovir systemic,antiviral_systemic,viral_dna_polymerase_inhibitor,,,low,False,systemic,unspecified_systemic,,,DrugBank DB00787,source_partial
sys_med_0115,Insulin glargine,Insulin glargine,insulin glargine|Lantus,antidiabetic_insulin,insulin_receptor_agonist,,,medium,False,systemic,unspecified_systemic,274783,,DrugBank DB00047,source_partial
sys_med_0116,Edoxaban,Edoxaban,edoxaban tosylate,anticoagulant_direct_xa_inhibitor,anticoagulant|factor_xa_inhibitor|p_gp_substrate,,P-glycoprotein,low,False,systemic,unspecified_systemic,1599538,,DrugBank DB09075,source_partial
sys_med_0117,Prasugrel,Prasugrel,prasugrel hydrochloride,antiplatelet,antiplatelet|p2y12_inhibitor_prodrug,,,low,False,systemic,unspecified_systemic,613391,,DrugBank DB06209,source_partial
sys_med_0118,Nitroglycerin,Nitroglycerin,glyceryl trinitrate,antianginal,no_donor,,,low,False,systemic,unspecified_systemic,4917,,DrugBank DB00727,source_partial
sys_med_0119,Desmopressin,Desmopressin,desmopressin acetate,antidiuretic,vasopressin_v2_receptor_agonist,,,low,False,systemic,unspecified_systemic,3251,,DrugBank DB00035,source_partial
sys_med_0120,Hydroxychloroquine,Hydroxychloroquine,hydroxychloroquine sulfate,immunosuppressant_systemic,tlr_inhibitor,,,low,False,systemic,unspecified_systemic,5521,,DrugBank DB01611,source_partial
sys_med_0121,Mycophenolate,Mycophenolate,mycophenolate mofetil,immunosuppressant_systemic,imdh_inhibitor,,,low,False,systemic,unspecified_systemic,265323,,DrugBank DB01024,source_partial
sys_med_0122,Azathioprine,Azathioprine,azathioprine,immunosuppressant_systemic,purine_analog,,,low,False,systemic,unspecified_systemic,1256,,DrugBank DB00993,source_partial
sys_med_0123,Sulfasalazine,Sulfasalazine,sulfasalazine,dmard,antiinflammatory,,,low,False,systemic,unspecified_systemic,9524,,DrugBank DB00764,source_partial
sys_med_0124,Leflunomide,Leflunomide,leflunomide,dmard,dhodh_inhibitor,,,low,False,systemic,unspecified_systemic,27169,,DrugBank DB01097,source_partial
sys_med_0125,Tadalafil,Tadalafil,tadalafil,pde5_inhibitor,cyp3a4_substrate|pde5_inhibitor,CYP3A4,,low,False,systemic,unspecified_systemic,358263,,DrugBank DB00820,source_partial
sys_med_0126,Finasteride,Finasteride,finasteride,5ari,5alpha_reductase_inhibitor|cyp3a4_substrate,CYP3A4,,low,False,systemic,unspecified_systemic,25025,,DrugBank DB01216,source_partial
sys_med_0127,Loperamide,Loperamide,loperamide hydrochloride,antidiarrheal,cyp3a4_substrate|mu_opioid_receptor_agonist|p_gp_substrate,CYP3A4,P-glycoprotein,low,False,systemic,unspecified_systemic,6468,,DrugBank DB00836,source_partial
sys_med_0128,Metoclopramide,Metoclopramide,metoclopramide hydrochloride,antiemetic,d2_antagonist_5ht4_agonist,,,low,False,systemic,unspecified_systemic,6915,,DrugBank DB01233,source_partial
sys_med_0129,Buspirone,Buspirone,buspirone hydrochloride,anxiolytic,5ht1a_partial_agonist|cyp3a4_substrate,CYP3A4,,low,False,systemic,unspecified_systemic,1827,,DrugBank DB00490,source_partial
sys_med_0130,Azithromycin systemic,Azithromycin systemic,azithromycin systemic,antibiotic_macrolide_systemic,50S_inhibitor,,,low,False,systemic,unspecified_systemic,,,DrugBank DB00207,source_partial
sys_med_0131,Ciprofloxacin systemic,Ciprofloxacin systemic,ciprofloxacin systemic,antibiotic_fluoroquinolone_systemic,cyp1a2_inhibitor|dna_gyrase_inhibitor,CYP1A2,,low,False,systemic,unspecified_systemic,,,DrugBank DB00537,source_partial
sys_med_0132,Levofloxacin systemic,Levofloxacin systemic,levofloxacin systemic,antibiotic_fluoroquinolone_systemic,dna_gyrase_inhibitor,,,low,False,systemic,unspecified_systemic,,,DrugBank DB01137,source_partial
sys_med_0133,Diclofenac systemic,Diclofenac systemic,diclofenac sodium systemic,nsaid_systemic,cox1_cox2_inhibitor|cyp2c9_substrate,CYP2C9,,low,False,systemic,unspecified_systemic,,,DrugBank DB00586,source_partial
sys_med_0134,Indomethacin systemic,Indomethacin systemic,indomethacin systemic,nsaid_systemic,cox1_cox2_inhibitor,,,medium,False,systemic,unspecified_systemic,,,DrugBank DB00328,source_partial
sys_med_0135,Tiotropium,Tiotropium,tiotropium bromide,respiratory_anticholinergic,anticholinergic_systemic|muscarinic_receptor_antagonist,,,low,False,systemic,unspecified_systemic,69120,,DrugBank DB01409,source_partial
sys_med_0136,Salmeterol,Salmeterol,salmeterol xinafoate,respiratory_beta2_agonist,beta2_adrenergic_agonist|cyp3a4_substrate,CYP3A4,,low,False,systemic,unspecified_systemic,36117,,DrugBank DB00938,source_partial
sys_med_0137,Budesonide,Budesonide,budesonide,respiratory_corticosteroid,corticosteroid_systemic|cyp3a4_substrate|glucocorticoid_receptor_agonist,CYP3A4,,low,False,systemic,unspecified_systemic,19831,,DrugBank DB01222,source_partial
sys_med_0138,Haloperidol,Haloperidol,haloperidol,antipsychotic_typical,cyp2d6_substrate|cyp3a4_substrate|d2_antagonist|qt_prolonging,CYP2D6|CYP3A4,,medium,False,systemic,unspecified_systemic,5093,,DrugBank DB00502,source_partial
sys_med_0139,Clozapine,Clozapine,clozapine,antipsychotic_atypical,cyp1a2_substrate|d2_5ht2a_antagonist|anticholinergic_systemic,CYP1A2,,medium,False,systemic,unspecified_systemic,2626,,DrugBank DB00363,source_partial
sys_med_0140,Nortriptyline,Nortriptyline,nortriptyline hydrochloride,antidepressant_tca,cyp2d6_substrate|net_inhibitor|anticholinergic_systemic,CYP2D6,,medium,False,systemic,unspecified_systemic,7531,,DrugBank DB00540,source_partial
sys_med_0141,Paroxetine,Paroxetine,paroxetine hydrochloride,antidepressant_ssri,cyp2d6_inhibitor|sert_inhibitor|anticholinergic_systemic,CYP2D6,,low,False,systemic,unspecified_systemic,32937,,DrugBank DB00715,source_partial
sys_med_0142,Escitalopram,Escitalopram,escitalopram oxalate,antidepressant_ssri,sert_inhibitor,,,low,False,systemic,unspecified_systemic,321988,,DrugBank DB01175,source_partial
sys_med_0143,Fluvoxamine,Fluvoxamine,fluvoxamine maleate,antidepressant_ssri,cyp1a2_inhibitor|cyp2c19_inhibitor|cyp3a4_inhibitor|sert_inhibitor,CYP1A2|CYP2C19|CYP3A4,,low,False,systemic,unspecified_systemic,42355,,DrugBank DB00176,source_partial
sys_med_0144,Gabapentin,Gabapentin,gabapentin,antiepileptic,calcium_channel_alpha2delta_ligand,,,low,False,systemic,unspecified_systemic,25480,,DrugBank DB00396,source_partial
sys_med_0145,Topiramate,Topiramate,topiramate,antiepileptic,cai_systemic|na_channel_blocker_gaba_ergic,,,low,False,systemic,unspecified_systemic,38404,,DrugBank DB00273,source_partial
sys_med_0146,Pantoprazole,Pantoprazole,pantoprazole sodium,proton_pump_inhibitor,cyp2c19_substrate|h_k_atpase_inhibitor,CYP2C19,,low,False,systemic,unspecified_systemic,40790,,DrugBank DB00213,source_partial
sys_med_0147,Esomeprazole,Esomeprazole,esomeprazole magnesium,proton_pump_inhibitor,cyp2c19_inhibitor|h_k_atpase_inhibitor,CYP2C19,,low,False,systemic,unspecified_systemic,283742,,DrugBank DB00736,source_partial
sys_med_0148,Lansoprazole,Lansoprazole,lansoprazole,proton_pump_inhibitor,cyp2c19_substrate|cyp3a4_substrate|h_k_atpase_inhibitor,CYP2C19|CYP3A4,,low,False,systemic,unspecified_systemic,17128,,DrugBank DB00448,source_partial
sys_med_0149,Erythromycin systemic,Erythromycin systemic,erythromycin systemic,antibiotic_macrolide_systemic,50S_inhibitor|cyp3a4_inhibitor,CYP3A4,,medium,False,systemic,unspecified_systemic,,,DrugBank DB00199,source_partial
sys_med_0150,Voriconazole systemic,Voriconazole systemic,voriconazole systemic,antifungal_azole_systemic,cyp2c19_inhibitor|cyp2c9_inhibitor|cyp3a4_inhibitor|cyp51_inhibitor,CYP2C9|CYP2C19|CYP3A4,,medium,False,systemic,unspecified_systemic,,,DrugBank DB00582,source_partial
sys_med_0151,Ketoconazole,Ketoconazole,ketoconazole,antifungal_azole_systemic,cyp3a4_inhibitor|cyp51_inhibitor|p_gp_inhibitor,CYP3A4,P-glycoprotein,low,False,systemic,unspecified_systemic,6135,,DrugBank DB01026,source_partial
sys_med_0152,Tamoxifen,Tamoxifen,tamoxifen citrate,antineoplastic_hormonal,cyp2d6_substrate|cyp3a4_substrate|estrogen_receptor_modulator,CYP2D6|CYP3A4,,low,False,systemic,unspecified_systemic,10324,,DrugBank DB00675,source_partial
sys_med_0153,Imatinib,Imatinib,imatinib mesylate,antineoplastic_tyrosine_kinase_inhibitor,bcr_abl_inhibitor|cyp3a4_substrate,CYP3A4,,low,False,systemic,unspecified_systemic,282388,,DrugBank DB00619,source_partial
sys_med_0154,Methotrexate systemic,Methotrexate systemic,methotrexate systemic,antineoplastic_antimetabolite,dhfr_inhibitor|narrow_therapeutic_index,,,high,True,systemic,unspecified_systemic,,,DrugBank DB00563,source_partial
sys_med_0155,Cyclophosphamide,Cyclophosphamide,cyclophosphamide,antineoplastic_alkylating,cyp2b6_substrate|cyp3a4_substrate|dna_crosslinker,CYP2B6|CYP3A4,,medium,False,systemic,unspecified_systemic,3002,,DrugBank DB00527,source_partial
sys_med_0156,Capecitabine,Capecitabine,capecitabine,antineoplastic_antimetabolite,thymidylate_synthase_inhibitor_prodrug,,,low,False,systemic,unspecified_systemic,194000,,DrugBank DB01101,source_partial
sys_med_0157,Clindamycin,Clindamycin,clindamycin,antibiotic_lincosamide,50S_inhibitor,,,low,False,systemic,unspecified_systemic,2582,,DrugBank DB01190,source_partial
sys_med_0158,Linezolid,Linezolid,linezolid,antibiotic_oxazolidinone,50S_inhibitor|maoi,,,low,False,systemic,unspecified_systemic,190376,,DrugBank DB00601,source_partial
sys_med_0159,Tramadol,Tramadol,tramadol hydrochloride,opioid,cns_depressant|cyp2d6_substrate|cyp3a4_substrate|mu_opioid_receptor_agonist,CYP2D6|CYP3A4,,low,False,systemic,unspecified_systemic,10689,,DrugBank DB00193,source_partial
sys_med_0160,Rosiglitazone,Rosiglitazone,rosiglitazone maleate,antidiabetic_tzd,cyp2c8_substrate|ppar_gamma_agonist,CYP2C8,,low,False,systemic,unspecified_systemic,84108,,DrugBank DB00412,source_partial
sys_med_0161,Vildagliptin,Vildagliptin,vildagliptin,antidiabetic_dpp4_inhibitor,dpp4_inhibitor,,,low,False,systemic,unspecified_systemic,596554,,DrugBank DB04876,source_partial
sys_med_0162,Saxagliptin,Saxagliptin,saxagliptin hydrochloride,antidiabetic_dpp4_inhibitor,cyp3a4_substrate|dpp4_inhibitor,CYP3A4,,low,False,systemic,unspecified_systemic,857974,,DrugBank DB06335,source_partial
sys_med_0163,Glibenclamide,Glibenclamide,glyburide|glibenclamide,antidiabetic_sulfonylurea,cyp2c9_substrate|cyp3a4_substrate|k_atp_channel_blocker,CYP2C9|CYP3A4,,medium,False,systemic,unspecified_systemic,4815,,DrugBank DB01016,source_partial
sys_med_0164,Insulin aspart,Insulin aspart,insulin aspart|NovoRapid,antidiabetic_insulin,insulin_receptor_agonist,,,medium,False,systemic,unspecified_systemic,51428,,DrugBank DB01306,source_partial
sys_med_0165,Dulaglutide,Dulaglutide,dulaglutide,antidiabetic_glp1_ra,glp1_receptor_agonist,,,low,False,systemic,unspecified_systemic,1551291,,DrugBank DB09045,source_partial
sys_med_0166,Clomipramine,Clomipramine,clomipramine hydrochloride,antidepressant_tca,cyp1a2_substrate|cyp2d6_substrate|sert_inhibitor|anticholinergic_systemic,CYP2D6|CYP1A2,,medium,False,systemic,unspecified_systemic,2597,,DrugBank DB01242,source_partial
sys_med_0167,Desvenlafaxine,Desvenlafaxine,desvenlafaxine succinate,antidepressant_snri,sert_net_inhibitor,,,low,False,systemic,unspecified_systemic,734064,,DrugBank DB06700,source_partial
sys_med_0168,Zoledronic acid,Zoledronic acid,zoledronate,bisphosphonate,farnesyl_pyrophosphate_synthase_inhibitor,,,low,False,systemic,unspecified_systemic,77655,,DrugBank DB00399,source_partial
sys_med_0169,Febuxostat,Febuxostat,febuxostat,anti_gout,xanthine_oxidase_inhibitor,,,low,False,systemic,unspecified_systemic,73689,,DrugBank DB04854,source_partial
sys_med_0170,Dipyridamole,Dipyridamole,dipyridamole,antiplatelet,antiplatelet|phosphodiesterase_inhibitor,,,low,False,systemic,unspecified_systemic,3521,,DrugBank DB00937,source_partial
sys_med_0171,Cilostazol,Cilostazol,cilostazol,antiplatelet,antiplatelet|cyp2c19_substrate|cyp3a4_substrate|pde3_inhibitor,CYP3A4|CYP2C19,,low,False,systemic,unspecified_systemic,21107,,DrugBank DB01166,source_partial
sys_med_0172,Heparin,Heparin,unfractionated heparin,anticoagulant_parenteral,anticoagulant|antithrombin_iii_activator,,,medium,False,systemic,unspecified_systemic,235473,,DrugBank DB01309,source_partial
sys_med_0173,Enoxaparin,Enoxaparin,enoxaparin sodium,anticoagulant_lmw_heparin,anticoagulant|antithrombin_iii_activator,,,medium,False,systemic,unspecified_systemic,67108,,DrugBank DB01225,source_partial
sys_med_0174,Fondaparinux,Fondaparinux,fondaparinux sodium,anticoagulant_parenteral,anticoagulant|factor_xa_inhibitor_indirect,,,low,False,systemic,unspecified_systemic,321208,,DrugBank DB01223,source_partial
sys_med_0175,Amoxicillin,Amoxicillin,amoxicillin,antibiotic_penicillin,beta_lactam_cell_wall_inhibitor,,,low,False,systemic,unspecified_systemic,723,,DrugBank DB01060,source_partial
sys_med_0176,Hydrocortisone,Hydrocortisone,hydrocortisone systemic,corticosteroid_systemic,corticosteroid_systemic|glucocorticoid_receptor_agonist,,,low,False,systemic,unspecified_systemic,5492,,DrugBank DB00741,source_partial
sys_med_0177,Perindopril,Perindopril,perindopril,ace_inhibitor,ace_inhibitor|antihypertensive|prodrug,,,low,False,systemic,unspecified_systemic,54552,,DrugBank DB00790,source_partial
sys_med_0178,Telmisartan,Telmisartan,telmisartan,arb,angiotensin_ii_receptor_antagonist|antihypertensive,,,low,False,systemic,unspecified_systemic,73494,,DrugBank DB00966,source_partial
sys_med_0179,Indapamide,Indapamide,indapamide,thiazide_like_diuretic,ncc_inhibitor|diuretic,,,medium,False,systemic,unspecified_systemic,5764,,DrugBank DB00808,source_partial
sys_med_0180,Ivabradine,Ivabradine,ivabradine hydrochloride,antianginal,cyp3a4_substrate|if_channel_inhibitor,CYP3A4,,low,False,systemic,unspecified_systemic,1649480,,DrugBank DB09042,source_partial
sys_med_0181,Ranolazine,Ranolazine,ranolazine,antianginal,cyp2d6_substrate|cyp3a4_substrate|late_na_channel_inhibitor,CYP3A4|CYP2D6,,low,False,systemic,unspecified_systemic,35829,,DrugBank DB01627,source_partial
sys_med_0182,Isosorbide mononitrate,Isosorbide mononitrate,isosorbide mononitrate,antianginal,no_donor,,,low,False,systemic,unspecified_systemic,28004,,DrugBank DB01020,source_partial
sys_med_0183,Fluvastatin,Fluvastatin,fluvastatin sodium,statin,cyp2c9_substrate|hmg_coa_reductase_inhibitor,CYP2C9,,low,False,systemic,unspecified_systemic,41127,,DrugBank DB01095,source_partial
sys_med_0184,Propofol,Propofol,propofol,anesthetic_iv,gaba_a_positive_allosteric_modulator,,,low,False,systemic,unspecified_systemic,8782,,DrugBank DB00818,source_partial
sys_med_0185,Dexmedetomidine,Dexmedetomidine,dexmedetomidine hydrochloride,sedative,alpha2_adrenergic_agonist,,,low,False,systemic,unspecified_systemic,48937,,DrugBank DB00633,source_partial
sys_med_0186,Epinephrine,Epinephrine,adrenaline,vasopressor_anaphylaxis,alpha_beta_adrenergic_agonist,,,high,False,systemic,unspecified_systemic,3992,,DrugBank DB00668,source_partial
sys_med_0187,Norepinephrine,Norepinephrine,noradrenaline,vasopressor,alpha1_beta1_adrenergic_agonist,,,low,False,systemic,unspecified_systemic,7512,,DrugBank DB00368,source_partial
sys_med_0188,Vasopressin,Vasopressin,arginine vasopressin,vasopressor,v1_v2_receptor_agonist,,,medium,False,systemic,unspecified_systemic,11149,,DrugBank DB00078,source_partial
sys_med_0189,Oseltamivir,Oseltamivir,oseltamivir phosphate,antiviral_systemic,neuraminidase_inhibitor,,,low,False,systemic,unspecified_systemic,260101,,DrugBank DB00198,source_partial
sys_med_0190,Remdesivir,Remdesivir,remdesivir,antiviral_systemic,rna_polymerase_inhibitor,,,low,False,systemic,unspecified_systemic,2284718,,DrugBank DB14761,source_partial
sys_med_0191,Tenofovir,Tenofovir,tenofovir disoproxil fumarate,antiviral_hiv,reverse_transcriptase_inhibitor,,,low,False,systemic,unspecified_systemic,117466,,DrugBank DB00300,source_partial
sys_med_0192,Ritonavir,Ritonavir,ritonavir,antiviral_hiv_protease_inhibitor,cyp3a4_inhibitor|hiv_protease_inhibitor,CYP3A4,,low,False,systemic,unspecified_systemic,85762,,DrugBank DB00503,source_partial
sys_med_0193,Letrozole,Letrozole,letrozole,antineoplastic_aromatase_inhibitor,aromatase_inhibitor|cyp2a6_inhibitor,CYP2A6,,low,False,systemic,unspecified_systemic,72965,,DrugBank DB01045,source_partial
sys_med_0194,Aprepitant,Aprepitant,aprepitant,antiemetic_nk1,cyp3a4_inhibitor|cyp3a4_substrate|nk1_receptor_antagonist,CYP3A4,,low,False,systemic,unspecified_systemic,358255,,DrugBank DB00373,source_partial
sys_med_0195,Terazosin,Terazosin,terazosin hydrochloride,alpha_blocker,alpha1_adrenergic_antagonist,,,low,False,systemic,unspecified_systemic,37798,,DrugBank DB01121,source_partial
sys_med_0196,Dutasteride,Dutasteride,dutasteride,5ari,5alpha_reductase_inhibitor|cyp3a4_substrate,CYP3A4,,low,False,systemic,unspecified_systemic,228790,,DrugBank DB01126,source_partial
sys_med_0197,Levodopa/Carbidopa,Levodopa/Carbidopa,co-careldopa,antiparkinson,dopamine_precursor_ddc_inhibitor,,,low,False,systemic,unspecified_systemic,103990,,DrugBank DB01235,source_partial
sys_med_0198,Pramipexole,Pramipexole,pramipexole dihydrochloride,antiparkinson,d2_d3_receptor_agonist,,,low,False,systemic,unspecified_systemic,746741,,DrugBank DB00413,source_partial
sys_med_0199,Octreotide,Octreotide,octreotide acetate,somatostatin_analog,somatostatin_receptor_agonist,,,low,False,systemic,unspecified_systemic,7617,,DrugBank DB00104,source_partial
sys_med_0200,Methimazole,Methimazole,methimazole|thiamazole,antithyroid,thyroid_peroxidase_inhibitor,,,low,False,systemic,unspecified_systemic,6835,,DrugBank DB00763,source_partial
sys_med_0201,Montelukast,Montelukast,montelukast sodium,respiratory_leukotriene_modifier,cyp2c8_substrate|cyp2c9_substrate|cyp3a4_substrate|cyslt1_receptor_antagonist,CYP2C8|CYP3A4|CYP2C9,,low,False,systemic,unspecified_systemic,88249,,DrugBank DB00471,source_partial
sys_med_0202,Theophylline,Theophylline,theophylline,respiratory_xanthine,adenosine_receptor_antagonist_pde_inhibitor|cyp1a2_substrate|narrow_therapeutic_index,CYP1A2,,high,True,systemic,unspecified_systemic,10438,,DrugBank DB00277,source_partial
sys_med_0203,Acarbose,Acarbose,acarbose,antidiabetic_alpha_glucosidase_inhibitor,alpha_glucosidase_inhibitor,,,low,False,systemic,unspecified_systemic,16681,,DrugBank DB00284,source_partial
sys_med_0204,Repaglinide,Repaglinide,repaglinide,antidiabetic_glinide,cyp2c8_substrate|cyp3a4_substrate|k_atp_channel_blocker,CYP2C8|CYP3A4,,medium,False,systemic,unspecified_systemic,73044,,DrugBank DB00912,source_partial
sys_med_0205,Nateglinide,Nateglinide,nateglinide,antidiabetic_glinide,cyp2c9_substrate|cyp3a4_substrate|k_atp_channel_blocker,CYP2C9|CYP3A4,,medium,False,systemic,unspecified_systemic,274332,,DrugBank DB00731,source_partial
sys_med_0206,Ezetimibe,Ezetimibe,ezetimibe,lipid_lowering_cholesterol_absorption_inhibitor,npc1l1_inhibitor,,,low,False,systemic,unspecified_systemic,341248,,DrugBank DB00973,source_partial
sys_med_0207,Fenofibrate,Fenofibrate,fenofibrate,lipid_lowering_fibrate,ppar_alpha_agonist,,,low,False,systemic,unspecified_systemic,8703,,DrugBank DB01039,source_partial
sys_med_0208,Gemfibrozil,Gemfibrozil,gemfibrozil,lipid_lowering_fibrate,cyp2c8_inhibitor|ppar_alpha_agonist,CYP2C8,,low,False,systemic,unspecified_systemic,4719,,DrugBank DB01241,source_partial
sys_med_0209,Donepezil,Donepezil,donepezil hydrochloride,alzheimers_cholinesterase_inhibitor,ache_inhibitor|cyp2d6_substrate|cyp3a4_substrate,CYP3A4|CYP2D6,,low,False,systemic,unspecified_systemic,135447,,DrugBank DB00843,source_partial
sys_med_0210,Rivastigmine,Rivastigmine,rivastigmine tartrate,alzheimers_cholinesterase_inhibitor,ache_buche_inhibitor,,,low,False,systemic,unspecified_systemic,183379,,DrugBank DB00989,source_partial
sys_med_0211,Memantine,Memantine,memantine hydrochloride,alzheimers_nmda_antagonist,nmda_receptor_antagonist,,,low,False,systemic,unspecified_systemic,6719,,DrugBank DB01043,source_partial
sys_med_0212,Ropinirole,Ropinirole,ropinirole hydrochloride,parkinsons_dopamine_agonist,cyp1a2_substrate|d2_d3_receptor_agonist,CYP1A2,,low,False,systemic,unspecified_systemic,72302,,DrugBank DB00268,source_partial
sys_med_0213,Codeine,Codeine,codeine phosphate,opioid,cns_depressant|cyp2d6_substrate|cyp3a4_substrate|mu_opioid_receptor_agonist,CYP2D6|CYP3A4,,medium,False,systemic,unspecified_systemic,2670,,DrugBank DB00318,source_partial
sys_med_0214,Tapentadol,Tapentadol,tapentadol hydrochloride,opioid,cns_depressant|mu_opioid_receptor_agonist_nri,,,low,False,systemic,unspecified_systemic,787390,,DrugBank DB06204,source_partial
sys_med_0215,Mesalamine,Mesalamine,mesalazine|5-ASA,anti_inflammatory_intestinal,unknown_anti_inflammatory,,,low,False,systemic,unspecified_systemic,52582,,DrugBank DB00244,source_partial
sys_med_0216,Ursodeoxycholic acid,Ursodeoxycholic acid,ursodiol|UDCA,gallstone_dissolution,bile_acid_replacement,,,low,False,systemic,unspecified_systemic,11065,,DrugBank DB01586,source_partial
sys_med_0217,Lactulose,Lactulose,lactulose,laxative_osmotic,osmotic_laxative,,,low,False,systemic,unspecified_systemic,6218,,DrugBank DB04468,source_partial
sys_med_0218,Cefalexin,Cefalexin,cephalexin,antibiotic_cephalosporin_1g,cell_wall_synthesis_inhibitor,,,low,False,systemic,unspecified_systemic,2231,,DrugBank DB00567,source_partial
sys_med_0219,Ceftriaxone,Ceftriaxone,ceftriaxone,antibiotic_cephalosporin_3g,cell_wall_synthesis_inhibitor,,,low,False,systemic,unspecified_systemic,2193,,DrugBank DB01212,source_partial
sys_med_0220,Cefixime,Cefixime,cefixime,antibiotic_cephalosporin_3g,cell_wall_synthesis_inhibitor,,,low,False,systemic,unspecified_systemic,25033,,DrugBank DB00671,source_partial
sys_med_0221,Nitrofurantoin,Nitrofurantoin,nitrofurantoin,antibiotic_urinary,bacterial_enzyme_inhibitor,,,low,False,systemic,unspecified_systemic,7454,,DrugBank DB00698,source_partial
sys_med_0222,Estradiol,Estradiol,estradiol|E2,hormone_estrogen,estrogen_receptor_agonist,,,low,False,systemic,unspecified_systemic,4083,,DrugBank DB00783,source_partial
sys_med_0223,Testosterone,Testosterone,testosterone,hormone_androgen,androgen_receptor_agonist|cyp3a4_substrate,CYP3A4,,low,False,systemic,unspecified_systemic,10379,,DrugBank DB00624,source_partial
sys_med_0224,Raloxifene,Raloxifene,raloxifene hydrochloride,serm,cyp3a4_inhibitor|estrogen_receptor_modulator,,,low,False,systemic,unspecified_systemic,72143,,DrugBank DB00481,source_partial
sys_med_0225,Domperidone,Domperidone,domperidone,antiemetic_prokinetic,cyp3a4_substrate|d2_receptor_antagonist,CYP3A4,,medium,False,systemic,unspecified_systemic,3626,,DrugBank DB01184,source_partial
sys_med_0227,Probenecid,Probenecid,probenecid,anti_gout_uricosuric,urat1_inhibitor,,,low,False,systemic,unspecified_systemic,8698,,DrugBank DB01032,source_partial
sys_med_0228,Abciximab,Abciximab,abciximab,antiplatelet_gpiibiiia,antiplatelet|gpiibiiia_inhibitor,,,medium,False,systemic,unspecified_systemic,83929,,DrugBank DB00091,source_partial
sys_med_0229,Tirofiban,Tirofiban,tirofiban hydrochloride,antiplatelet_gpiibiiia,antiplatelet|gpiibiiia_inhibitor,,,medium,False,systemic,unspecified_systemic,73137,,DrugBank DB00777,source_partial
sys_med_0230,Alfuzosin,Alfuzosin,alfuzosin hydrochloride,alpha_blocker_bph,alpha1_adrenergic_antagonist|cyp3a4_substrate,CYP3A4,,low,False,systemic,unspecified_systemic,17300,,DrugBank DB00846,source_partial
sys_med_0231,Clonidine,Clonidine,clonidine hydrochloride,antihypertensive_central_alpha2_agonist,antihypertensive|alpha2_agonist|sympatholytic|cns_depressant,,,medium,False,systemic,unspecified_systemic,2599,,DrugBank DB00575,source_partial
sys_med_0232,Oxybutynin,Oxybutynin,oxybutynin chloride,anticholinergic_urinary,anticholinergic|antimuscarinic|cyp3a4_substrate|anticholinergic_systemic,CYP3A4,,medium,False,systemic,unspecified_systemic,7716,,DrugBank DB01062,source_partial
sys_med_0233,Acetazolamide,Acetazolamide,acetazolamide,carbonic_anhydrase_inhibitor_systemic,carbonic_anhydrase_inhibitor|diuretic|sulfonamide_derivative,,,medium,False,systemic,unspecified_systemic,109,,DrugBank DB00819,source_partial
